<keymap version="1" name="Valentin" parent="$default">
  <action id="$Redo">
    <keyboard-shortcut first-keystroke="ctrl y" />
    <keyboard-shortcut first-keystroke="shift ctrl z" />
  </action>
  <action id="ActivateDockerToolWindow">
    <keyboard-shortcut first-keystroke="alt 3" />
  </action>
  <action id="CommentByBlockComment">
    <keyboard-shortcut first-keystroke="shift ctrl slash" />
    <keyboard-shortcut first-keystroke="shift ctrl divide" />
    <keyboard-shortcut first-keystroke="shift ctrl colon" />
  </action>
  <action id="CommentByLineComment">
    <keyboard-shortcut first-keystroke="ctrl slash" />
    <keyboard-shortcut first-keystroke="ctrl divide" />
    <keyboard-shortcut first-keystroke="ctrl colon" />
  </action>
  <action id="Console.TableResult.DeleteRows" />
  <action id="Console.TableResult.SetDefault" />
  <action id="ConvertJavaToKotlin" />
  <action id="Coverage">
    <keyboard-shortcut first-keystroke="shift ctrl alt f10" />
  </action>
  <action id="Editor Redo">
    <keyboard-shortcut first-keystroke="ctrl y" />
    <keyboard-shortcut first-keystroke="shift ctrl z" />
  </action>
  <action id="EditorDeleteLine">
    <keyboard-shortcut first-keystroke="ctrl alt d" />
  </action>
  <action id="FileChooser.NewFolder">
    <keyboard-shortcut first-keystroke="alt insert" />
  </action>
  <action id="Git.ResolveConflicts">
    <keyboard-shortcut first-keystroke="ctrl alt r" />
  </action>
  <action id="GotoChangedFile" />
  <action id="GotoClass" />
  <action id="MoveElementRight" />
  <action id="MoveTabRight">
    <keyboard-shortcut first-keystroke="shift ctrl alt right" />
  </action>
  <action id="NewElementInMenuGroup">
    <keyboard-shortcut first-keystroke="ctrl n" />
  </action>
  <action id="NextSplitter">
    <keyboard-shortcut first-keystroke="shift alt right" />
  </action>
  <action id="PrevSplitter">
    <keyboard-shortcut first-keystroke="shift alt left" />
  </action>
  <action id="RevealIn">
    <keyboard-shortcut first-keystroke="shift ctrl alt e" />
  </action>
</keymap>